hidden,weight_decay,dropout,pooling,epochs,val_mse
32,0.0001,0.1,logsum,409,0.23116053640842438
32,0.0001,0.1,mean,1174,0.5333139300346375
32,0.001,0.1,logsum,408,0.22750893235206604
32,0.001,0.1,mean,785,0.5297396183013916
32,0.01,0.1,logsum,414,0.215188667178154
32,0.01,0.1,mean,1045,0.4615359604358673
64,0.0001,0.1,logsum,515,0.21436145901679993
64,0.0001,0.1,mean,768,0.567540168762207
64,0.001,0.1,logsum,552,0.21450546383857727
64,0.001,0.1,mean,973,0.5760824084281921
64,0.01,0.1,logsum,857,0.20355135202407837
64,0.01,0.1,mean,1087,0.5369560718536377
