variant,n_rounds,n_munis,r2,rmse,mae,calib_slope,calib_intercept,rmse_round_mean,rmse_round_sd,rmse_unflagged,val_rmse,val_calib_slope,val_calib_intercept
V1,5,853,0.2706,0.5096,0.4056,0.9695,0.3106,0.5096,0.0152,0.4769,0.5085,0.9975,0.0286
V2,5,853,0.1235,0.5587,0.373,0.6005,4.0235,0.5457,0.1548,0.5079,0.4954,0.89,1.1046
V3,5,853,0.4586,0.4391,0.323,0.9053,0.9531,0.4382,0.0196,0.4079,0.4228,1.0,0.0
V4,5,853,0.4408,0.4463,0.3331,0.8413,1.5977,0.4438,0.054,0.406,0.4228,1.0,0.0
V5,5,853,0.4826,0.4293,0.3128,0.9025,1.0028,0.429,0.0209,0.3908,0.4249,1.0,0.0
V6,5,853,0.5012,0.4215,0.3075,0.9366,0.6407,0.4217,0.0187,0.378,0.4253,1.0,-0.0
V7,5,853,0.5024,0.421,0.3061,0.9642,0.3591,0.4207,0.0288,0.3728,0.4174,1.0,0.0
V8,5,853,0.5009,0.4216,0.3088,0.9305,0.6968,0.4203,0.0481,0.3797,0.4056,1.0,0.0
V9,5,853,0.4834,0.4289,0.3175,0.922,0.7742,0.4279,0.0485,0.3849,0.4181,1.0,-0.0
V10,5,853,0.5232,0.4121,0.3016,0.9457,0.5476,0.4108,0.0347,0.3809,0.3901,1.0615,-0.6241
V11_z_A_full,5,853,0.1837,0.5392,0.3797,0.6527,3.4754,0.5326,0.1224,0.498,0.5399,0.6527,3.4849
V11_emb_A_raw,5,853,0.3373,0.4858,0.3407,0.8332,1.6663,0.4839,0.0717,0.4236,0.4574,0.9635,0.3533
V11_emb_A_full,5,853,0.3974,0.4633,0.3295,0.9011,0.9913,0.4625,0.0378,0.3951,0.4562,0.92,0.8003
V11_z_A_facts,5,853,0.0311,0.5874,0.407,0.5376,4.6378,0.5694,0.1871,0.544,0.5414,0.6537,3.4922
V11_gsed,5,853,0.3452,0.4829,0.3464,0.8993,0.9914,0.4805,0.0642,0.4155,0.4594,1.0245,-0.2701
V11_emb_A_facts,5,853,0.2962,0.5006,0.3573,0.7768,2.2299,0.4963,0.0905,0.4406,0.4514,0.9999,-0.0108
V11_z_A_raw,5,853,0.0298,0.5878,0.4215,0.5329,4.7038,0.5804,0.1338,0.54,0.5616,0.6134,3.9018
V11_z_gsed,5,853,0.1486,0.5506,0.3982,0.6424,3.6284,0.5455,0.0981,0.4966,0.5782,0.5618,4.4237
V12,5,853,0.3863,0.4675,0.3346,0.9575,0.4018,0.4668,0.0471,0.4007,0.4689,0.9772,0.2169
